{"cameraMode":{"drawMode":0,"name":"Shaded","section":"Shading Mode"},"sceneLighting":false,"audioPlay":false,"sceneViewState":{"showFog":true,"showMaterialUpdate":false,"showSkybox":false,"showFlares":true,"showImageEffects":true,"showParticleSystems":true},"in2DMode":false,"pivot":{"x":1.940000057220459,"y":6.878011226654053,"z":1.2405977249145508},"rotation":{"x":0.2884882986545563,"y":-0.3944891691207886,"z":0.13196246325969697,"w":0.8624222874641419},"size":10.0,"orthographic":false}