{"cameraMode":{"drawMode":0,"name":"Shaded","section":"Shading Mode"},"sceneLighting":true,"audioPlay":false,"sceneViewState":{"showFog":true,"showMaterialUpdate":false,"showSkybox":true,"showFlares":true,"showImageEffects":true,"showParticleSystems":true},"in2DMode":false,"pivot":{"x":-19.918725967407228,"y":-4.679450035095215,"z":17.15222930908203},"rotation":{"x":0.1592080146074295,"y":-0.39048871397972109,"z":0.06878495216369629,"w":0.904149055480957},"size":24.668073654174806,"orthographic":false}